<chessgame>
	<board>
		<piece type="rook" color="black" column="0" row="0" />
		<piece type="knight" color="black" column="1" row="0" />
		<piece type="bishop" color="black" column="2" row="0" />
		<piece type="queen" color="black" column="3" row="0" />
		<piece type="king" color="black" column="4" row="0" />
		<piece type="bishop" color="black" column="5" row="0" />
		<piece type="knight" color="black" column="6" row="0" />
		<piece type="rook" color="black" column="7" row="0" />
		<piece type="pawn" color="black" column="0" row="1" />
		<piece type="pawn" color="black" column="1" row="1" />
		<piece type="pawn" color="black" column="2" row="1" />
		<piece type="pawn" color="black" column="3" row="1" />
		<piece type="pawn" color="black" column="4" row="1" />
		<piece type="pawn" color="black" column="5" row="1" />
		<piece type="pawn" color="black" column="6" row="1" />
		<piece type="pawn" color="black" column="7" row="1" />
		<piece type="pawn" color="white" column="0" row="6" />
		<piece type="pawn" color="white" column="1" row="6" />
		<piece type="pawn" color="white" column="2" row="6" />
		<piece type="pawn" color="white" column="3" row="6" />
		<piece type="pawn" color="white" column="4" row="6" />
		<piece type="pawn" color="white" column="5" row="6" />
		<piece type="pawn" color="white" column="6" row="6" />
		<piece type="pawn" color="white" column="7" row="6" />
		<piece type="rook" color="white" column="0" row="7" />
		<piece type="knight" color="white" column="1" row="7" />
		<piece type="bishop" color="white" column="2" row="7" />
		<piece type="queen" color=
"white" column="3" row="7" />
		<piece type="king" color="white" column="4" row="7" />
		<piece type="bishop" color="white" column="5" row="7" />
		<piece type="knight" color="white" column="6" row="7" />
		<piece type="rook" 
color="white" column="7" row="7" />
	</board>

<history>

</history>

</chessgame>

