<chessgame>
	<board>
		<piece type="queen" color="white" column="2" row="0" />
		<piece type="bishop" color="black" column="5" row="0" />
		<piece type="knight" color="black" column="6" row="0" />
		<piece type="rook" color="black" column="7" row="0" />
		<piece type="pawn" color="black" column="4" row="1" />
		<piece type="pawn" color="black" column="6" row="1" />
		<piece type="queen" color="black" column="7" row="1" />
		<piece type="pawn" color="black" column="5" row="2" />
		<piece type="king" color="black" column="6" row="2" />
		<piece type="rook" color="black" column="7" row="2" />
		<piece type="pawn" color="black" column="7" row="3" />
		<piece type="pawn" color="white" column="7" row="4" />
		<piece type="pawn" color="white" column="4" row="5" />
		<piece type="pawn" color="white" column="0" row="6" />
		<piece type="pawn" color="white" column="1" row="6" />
		<piece type="pawn" color="white" column="2" row="6" />
		<piece type="pawn" color="white" column="3" row="6" />
		<piece type="pawn" color="white" column="5" row="6" />
		<piece type="pawn" color="white" column="6" row="6" />
		<piece type="rook" color="white" column="0" row="7" />
		<piece type="knight" color="white" column="1" row="7" />
		<piece type="bishop" color="white" column="2" row="7" />
		<piece type="king" color="white" column="4" row="7" />
		<piece type="bishop" color="white" column="5" row="7" />
		<piece type="knight" color="white" column="6" row="7" />
		<piece type="rook" color="white" column="7" row="7" />
	</board>

<history>
	<move>
		<piece type="pawn" color="white" column="4" row="6" />
		<piece type="pawn" color="white" column="4" row="5" />
	</move>
	<move>
		<piece type="pawn" color="black" column="0" row="1" />
		<piece type="pawn" color="black" column="0" row="3" />
	</move>
	<move>
		<piece type="queen" color="white" column="3" row="7" />
		<piece type="queen" color="white" column="7" row="3" />
	</move>
	<move>
		<piece type="rook" color="black" column="0" row="0" />
		<piece type="rook" color="black" column="0" row="2" />
	</move>
	<move>
		<piece type="queen" color="white" column="7" row="3" />
		<piece type="queen" color="white" column="0" row="3" />
		<piece type="pawn" color="black" column="0" row="3" />
	</move>
	<move>
		<piece type="pawn" color="black" column="7" row="1" />
		<piece type="pawn" color="black" column="7" row="3" />
	</move>
	<move>
		<piece type="queen" color="white" column="0" row="3" />
		<piece type="queen" color="white" column="2" row="1" />
		<piece type="pawn" color="black" column="2" row="1" />
	</move>
	<move>
		<piece type="rook" color="black" column="0" row="2" />
		<piece type="rook" color="black" column="7" row="2" />
	</move>
	<move>
		<piece type="pawn" color="white" column="7" row="6" />
		<piece type="pawn" color="white" column="7" row="4" />
	</move>
	<move>
		<piece type="pawn" color="black" column="5" row="1" />
		<piece type="pawn" color="black" column="5" row="2" />
	</move>
	<move>
		<piece type="queen" color="white" column="2" row="1" />
		<piece type="queen" color="white" column="3" row="1" />
		<piece type="pawn" color="black" column="3" row="1" />
	</move>
	<move>
		<piece type="king" color="black" column="4" row="0" />
		<piece type="king" color="black" column="5" row="1" />
	</move>
	<move>
		<piece type="queen" color="white" column="3" row="1" />
		<piece type="queen" color="white" column="1" row="1" />
		<piece type="pawn" color="black" column="1" row="1" />
	</move>
	<move>
		<piece type="queen" color="black" column="3" row="0" />
		<piece type="queen" color="black" column="3" row="5" />
	</move>
	<move>
		<piece type="queen" color="white" column="1" row="1" />
		<piece type="queen" color="white" column="1" row="0" />
		<piece type="knight" color="black" column="1" row="0" />
	</move>
	<move>
		<piece type="queen" color="black" column="3" row="5" />
		<piece type="queen" color="black" column="7" row="1" />
	</move>
	<move>
		<piece type="queen" color="white" column="1" row="0" />
		<piece type="queen" color="white" column="2" row="0" />
		<piece type="bishop" color="black" column="2" row="0" />
	</move>
	<move>
		<piece type="king" color="black" column="5" row="1" />
		<piece type="king" color="black" column="6" row="2" />
	</move>

</history>

</chessgame>

